experiment,water_perm_coef,water_flux_lmh,feed_pressure_psi,feed_pump_pow,feed_volume_l,feed_temp_c,feed_flow_lm,perm_cond_low_us,perm_cond_high_us,perm_flow_lm,rej_cond_ms,rej_flow_lm,rej_valve_open,ac_current_a
1,0.04034445503873225,17.23419229474799,696.9406832109818,64.71988944489391,21.24319255218768,19.769031125164794,6.737361953328,880.717729314681,808.3811959532153,0.7738152355797943,59.897842369758976,5.963546719077828,25.008450989892616,8.702449434335808
2,0.042742616304945164,18.059847062789938,705.363013461699,65.53195956214887,21.34470034079306,20.782474653099285,6.813577019033965,628.226372171935,571.6856124243187,0.8108871338088911,59.8350451304287,6.0026898856330275,25.139869920973496,8.763780486409306
3,0.0418059497348821,17.93293137164207,698.5405486014828,65.37282065908077,21.39350267570326,21.737856857271897,6.777547855606128,736.077708348075,668.2229266059287,0.8051886180348639,59.8176037878962,5.972359237723764,25.014956713511484,8.72140523797011
4,0.05274932604358721,23.555014588946538,685.8752647066417,67.63037569853988,21.65633253622295,20.636698177612928,7.0676282871838545,472.08786950299753,436.90068732030835,1.0576201547641726,50.59849354684611,6.0100081331592685,25.130268156299376,8.5597694101682
5,0.05211439356953571,23.388515688517405,698.8239691735662,67.96621018919359,22.91704674979965,20.69148380766341,7.1318113750563485,377.5533345857,347.75812319550465,1.050144355947909,51.594101809479085,6.081667020060105,25.024417731029303,8.68570728541197
6,0.04968036033749903,21.958993799102075,687.8309637749201,66.50269043607183,23.267064725461864,20.180608539777065,7.004797653142739,528.630022435659,492.9928834320673,0.9859588233254206,52.681827731644134,6.018838831282898,25.129270306533183,8.60954562385179
7,0.03116073476976005,13.168154176514626,704.4663780035769,63.96573698081242,22.38953971387772,20.31377683177596,6.66852282037987,742.1770893522252,697.9697891169278,0.5912501241647026,66.85321697388049,6.077272697601552,25.018716206848744,8.75418551351726
8,0.047612865706000734,21.627314052638177,729.2741759599103,43.56673682204059,21.93736265797094,19.389668721352372,4.086215631495155,463.5390226609043,454.24984319220016,0.971057082210327,54.827861772711884,3.115145693685675,15.669027591480614,8.61057815593386
