experiment,water_perm_coef,water_flux_lmh,feed_pressure_psi,feed_pump_pow,feed_volume_l,feed_temp_c,feed_flow_lm,perm_cond_low_us,perm_cond_high_us,perm_flow_lm,rej_cond_ms,rej_flow_lm,rej_valve_open,ac_current_a
1,0.04054614587301424,17.31465251125238,699.0677358477926,64.8687107359487,21.240092407521985,19.76390390609419,6.752726317944883,883.3451851492725,809.5350795241478,0.7774278987399148,59.93155440125555,5.975298420134167,25,8.723155871475841
2,0.042944211053412125,18.162235541329736,708.4595902646089,65.7340638872484,21.341223758535296,20.786562816477907,6.83299338001291,630.2973528704537,572.8174634110322,0.8154843766445631,59.883558059350975,6.017509003849539,25,8.794364619599788
3,0.0420243842622993,17.986951665653674,699.8428379731204,65.46962450481172,21.391631933495884,21.74786923797072,6.787448054147967,736.8945322910469,668.0623092963709,0.8076141291565073,59.83553323144516,5.9798339250032395,25,8.73351468140217
4,0.05299024108502045,23.67788949512855,688.6571711576004,67.86893721196437,21.64990747689445,20.642520292534957,7.083978845399188,472.8368448453766,436.8869003058638,1.0631372372913848,50.63522755889716,6.0208416080063145,25,8.585296975857014
5,0.052380975633526394,23.492698842068176,701.5601168463842,68.10219622292409,22.910930211460784,20.68889772812724,7.144597540385801,378.50534940090097,348.60800422151476,1.054822178945779,51.63365255642939,6.089775361804935,25,8.71239791009299
6,0.049931339484944035,22.069883574193614,690.8246404080727,66.68922413157867,23.263547510129833,20.182758971538757,7.023508227284539,529.5981079315184,493.6856395051091,0.9909377736717914,52.72673166487874,6.032570454517105,25,8.63829585540691
7,0.03118292785053668,13.175010260729643,704.7782870959911,63.98977123631572,22.388830523678735,20.315516793896517,6.6705186511860175,742.554995159606,698.3700192475517,0.5915579622138993,66.8569928162297,6.078960690165071,25,8.757301109446525
8,0.047645372073150664,21.640655343691197,729.6645551853627,43.5782743687558,21.937059060930327,19.38936603343202,4.08695283718042,463.62266425338083,454.1827937172391,0.9716560994053742,54.83548905069373,3.1152838728454224,15.664174423564242,8.614234535777905
